<?xml version="1.0"?>

<beans xsi:schemaLocation="http://www.springframework.org/schema/beans http://www.springframework.org/schema/beans/spring-beans.xsd http://www.springframework.org/schema/context http://www.springframework.org/schema/context/spring-context.xsd http://www.springframework.org/schema/mvc http://www.springframework.org/schema/mvc/spring-mvc.xsd" xmlns:context="http://www.springframework.org/schema/context" xmlns:xsi="http://www.w3.org/2001/XMLSchema-instance" xmlns:mvc="http://www.springframework.org/schema/mvc" xmlns="http://www.springframework.org/schema/beans">
<mvc:annotation-driven/>
<mvc:view-controller view-name="profile" path="/pr"/>

<!-- <mvc:view-controller path="/" view-name="index"/> -->

<context:component-scan base-package="com.cts"/>
<bean class="com.cts.dao.ProductDao" id="productDao">
<property ref="ds" name="dataSource"/>
</bean>


<bean class="org.apache.commons.dbcp.BasicDataSource" id="ds">
<property name="driverClassName" value="com.mysql.cj.jdbc.Driver"/>

<!-- value="com.mysql.jdbc.Driver" /> -->


<property name="url" value="jdbc:mysql://localhost:3306/project"/>
<property name="username" value="root"/>
<property name="password" value="root"/>
<property name="initialSize" value="2"/>
<property name="maxActive" value="5"/>
</bean>


<bean class="org.springframework.web.servlet.view.InternalResourceViewResolver" id="viewResolver">
<property name="prefix">
<value>/WEB-INF/jsp/</value>
</property>

<property name="suffix">
<value>.jsp</value>
</property>
</bean>
</beans>